Country;ESTJ-A;ESFJ-A;INFP-T;ESFJ-T;ENFP-T;ENFP-A;ESTJ-T;ISFJ-T;ENFJ-A;ESTP-A;ISTJ-A;INTP-T;INFJ-T;ISFP-T;ENTJ-A;ESTP-T;ISTJ-T;ESFP-T;ENTP-A;ESFP-A;INTJ-T;ISFJ-A;INTP-A;ENTP-T;ISTP-T;ENTJ-T;ISTP-A;INFP-A;ENFJ-T;INTJ-A;ISFP-A;INFJ-A
Afghanistan;7,98E+15;594;482;412;406;39;39;377;364;361;348;316;313;291;291;291;281;275;268;252;2,49E+16;233;233;227;2,2E+16;2,2E+16;2,14E+16;204;1,98E+16;182;169;15
Albania;4,69E+16;3,99E+16;836;2,66E+16;647;398;1,98E+16;286;363;239;223;481;584;226;397;1,42E+16;195;207;397;1,98E+16;352;163;273;395;128;2,89E+16;105;209;412;252;108;1,64E+16
Algeria;23;275;1,218E+16;165;5,23E+16;334;97;222;262;154;1,62E+16;851;583;264;3,43E+16;87;158;148;433;131;492;115;559;3,06E+16;1,57E+16;192;173;338;294;404;113;217
Andorra;512;3,72E+16;1023;279;9,3E+15;837;9,3E+15;279;605;1,4E+16;1,86E+16;279;3,72E+16;9,3E+15;279;4,7E+15;9,3E+15;1,86E+16;9,3E+15;1,86E+16;1,86E+16;1,86E+16;233;279;9,3E+15;1,86E+16;9,3E+15;6,51E+15;558;1,4E+16;326;4,19E+15
Angola;484;9,05E+15;771;287;475;323;108;394;475;2,6E+16;323;349;4,57E+16;2,24E+16;358;108;8,1E+15;2,24E+16;233;323;197;323;215;215;116;134;206;341;332;269;179;3,14E+16
Antigua and Barbuda;323;661;1,068E+16;279;6,51E+15;441;98;451;377;1,62E+16;2,84E+16;382;5,39E+16;3,57E+16;176;83;147;23;225;318;2,01E+16;4,02E+15;25;245;127;103;181;313;255;127;235;3,09E+16
Argentina;159;2,7E+16;151;206;8,22E+15;516;86;282;275;113;177;703;689;278;161;6,1E+16;165;183;2,57E+16;183;387;158;3,57E+16;287;148;148;1,07E+16;365;35;265;138;195
Armenia;5,43E+16;401;839;2,28E+16;611;446;197;254;362;176;202;506;4,88E+16;163;414;9,4E+15;197;131;401;131;383;218;333;42;76;275;121;2,99E+16;43;3,07E+16;105;2,47E+16
Australia;256;643;1222;395;92;5,63E+16;9,9E+15;5,34E+16;364;139;1,64E+16;304;599;401;129;73;1,4E+16;2,83E+16;207;304;151;292;174;184;104;86;98;278;414;1,22E+16;182;173
Austria;286;333;1414;2,2E+16;8,44E+15;593;98;2,89E+16;305;158;1,93E+16;579;632;2,44E+16;219;6,8E+16;141;168;373;199;288;171;327;2,84E+16;108;128;113;318;359;2,37E+16;134;177
Azerbaijan;581;412;8,04E+15;323;5,51E+16;305;276;3,72E+16;325;174;2,95E+16;506;437;263;33;134;2,83E+16;2,38E+16;333;233;2,95E+16;189;298;33;146;241;139;258;417;233;109;166
Bahamas;371;649;981;2,57E+16;574;5,03E+16;98;387;433;1,42E+16;364;361;533;323;209;96;171;139;255;202;2,05E+16;4,56E+16;2,72E+16;2,28E+16;15;103;168;339;269;2,11E+16;236;3,14E+16
Bahrain;347;5,49E+16;1,087E+16;349;8,38E+15;501;166;385;3,76E+16;1,86E+16;1,53E+16;358;575;311;2,6E+16;1,14E+16;147;2,8E+16;2,67E+16;23;231;212;206;2,43E+16;131;159;103;2,8E+16;45;163;159;1,85E+16
Bangladesh;2,51E+16;473;1189;366;713;3,28E+16;191;3,67E+16;281;148;172;5,03E+16;5;4,86E+16;149;166;194;352;19;233;226;233;268;259;215;146;143;3,09E+16;358;192;204;197
Barbados;308;6;1127;236;48;4,74E+16;74;449;405;146;305;356;602;2,9E+16;2;98;181;172;264;226;233;5,61E+16;286;144;106;77;166;3,7E+16;264;265;227;3,09E+16
Belarus;417;3,06E+16;1007;274;662;279;213;319;2,21E+16;229;345;7,2E+15;473;282;231;1,17E+16;319;146;345;144;412;2,05E+16;332;359;239;2,21E+16;229;128;298;2,66E+16;1,3E+16;1,36E+16
Belgium;265;383;138;308;965;635;95;383;278;169;159;449;6,06E+16;2,8E+16;1,8E+16;6,8E+16;129;203;352;241;2,05E+16;1,8E+16;322;258;98;1,17E+16;111;3,28E+16;3,86E+16;178;134;155
Belize;288;5,77E+16;1085;348;661;5,23E+16;8,2E+15;382;387;192;2,37E+16;373;5,43E+16;3;141;1,07E+16;1,53E+16;2,66E+16;226;317;206;404;226;246;1,1E+16;76;1,1E+16;331;345;24;229;288
Bhutan;435;913;1292;4,56E+16;969;421;1,62E+16;4,42E+16;3,09E+16;42;1,19E+16;3,72E+16;492;4,42E+16;19;77;1,19E+16;407;5,6E+15;281;105;316;154;176;84;7E+15;5,6E+15;274;344;84;183;154
Bosnia and Herzegovina;359;323;1099;16;665;478;12;216;35;199;182;665;6,06E+16;197;392;95;165;1,4E+16;5,17E+16;17;3,7E+16;1,3E+16;414;391;102;191;1,07E+16;276;336;326;89;172
Botswana;313;587;1168;2,51E+16;7,2E+15;479;118;361;418;127;184;462;591;429;23;101;154;19;2,34E+16;2,05E+16;177;327;2,51E+16;285;165;1,12E+16;89;323;327;2,24E+16;179;217
Brazil;183;275;1598;223;932;404;95;32;25;1,1E+16;203;664;742;269;151;76;191;172;232;151;374;17;313;2,7E+16;139;124;1,14E+16;292;381;271;1,14E+16;196
Brunei;143;506;1677;394;843;377;102;596;219;88;95;2,72E+16;694;797;59;101;128;464;95;308;1,36E+16;264;124;148;147;6;9,9E+15;275;339;66;2,44E+16;141
Bulgaria;353;279;1208;181;794;4,88E+16;1,42E+16;2,47E+16;3,07E+16;21;206;621;535;2,14E+16;342;9E+15;159;134;4,98E+16;147;2,93E+16;144;392;4,02E+15;125;194;138;304;325;2,6E+16;1,07E+16;1,62E+16
Burkina Faso;235;6,71E+15;7,72E+15;268;1174;57;67;369;6,71E+15;268;168;302;5,03E+16;369;134;101;3,4E+16;47;268;436;101;134;235;168;67;101;235;235;403;101;134;302
Cambodia;2,84E+16;689;1,196E+16;45;806;467;181;455;3,14E+16;138;148;276;571;483;12;116;173;387;181;294;159;253;151;189;1,62E+16;98;103;2,95E+16;38;121;197;1,62E+16
Cameroon;518;9,38E+15;834;5,6E+16;4,57E+16;341;219;432;512;1,4E+16;219;2,8E+16;518;323;225;128;171;292;152;39;231;371;97;25;116;189;91;262;305;1,22E+16;116;2,01E+16
Canada;248;48;1275;346;8,46E+15;4,98E+16;108;542;326;1,42E+16;192;3,72E+16;65;375;154;79;1,64E+16;2,38E+16;239;2,38E+16;191;296;2,2E+16;2,21E+16;1,17E+16;105;1,12E+16;2,99E+16;395;159;178;1,93E+16
Chile;179;3,03E+16;1523;165;727;594;75;268;305;1,1E+16;207;667;669;25;1,57E+16;5;1,62E+16;1,3E+16;268;179;375;192;374;235;138;108;132;4,4E+16;31;297;146;2,66E+16
China;335;601;8,22E+15;415;5,9E+16;353;206;5,9E+16;2,8E+16;17;231;3,67E+16;401;575;175;15;2,43E+16;385;207;296;2,11E+16;362;204;2,28E+16;2,14E+16;128;1,45E+16;241;2,89E+16;163;2,66E+16;159
Colombia;302;608;107;236;7,73E+15;6,06E+16;128;239;478;152;169;5,73E+16;479;2,24E+16;245;97;1,64E+16;195;322;2,57E+16;282;1,98E+16;288;278;123;1,57E+16;103;302;366;245;1,3E+16;2,11E+16
Congo;663;663;4,02E+15;542;5,02E+16;4,22E+16;161;281;5,02E+16;321;361;2,21E+16;542;2,21E+16;4,22E+16;161;181;341;301;2,61E+16;161;482;12;321;161;2,21E+16;161;1;301;2,01E+16;161;141
Costa Rica;258;464;1,031E+16;252;875;674;115;291;397;149;2,05E+16;501;4,98E+16;219;208;87;174;1,86E+16;33;2,61E+16;297;2,11E+16;297;3,06E+16;106;16;1,1E+16;352;398;2,38E+16;1,56E+16;194
Croatia;349;355;1201;203;771;509;129;2,6E+16;356;19;182;592;6,07E+16;218;297;83;158;1,56E+16;409;183;333;151;333;361;115;177;12;2,83E+16;3,57E+16;2,72E+16;103;1,88E+16
Cuba;181;758;5,78E+16;2,89E+16;1,083E+16;9,03E+15;108;2,89E+16;5,05E+16;36;181;325;217;2,89E+16;144;36;253;217;5,78E+16;361;108;325;217;325;181;108;108;65;181;108;144;217
Cyprus;338;4,98E+16;1,136E+16;2,99E+16;8,22E+15;473;1,56E+16;317;3,96E+16;178;189;4,65E+15;581;2,7E+16;2,83E+16;95;1,64E+16;215;3,28E+16;199;2,47E+16;195;252;327;115;1,88E+16;9,3E+15;248;4,48E+16;191;1,14E+16;177
Czech Republic;296;302;1344;236;739;444;124;3,24E+16;216;192;213;636;643;2,61E+16;208;9,3E+15;191;1,85E+16;3,72E+16;194;347;166;368;327;1,42E+16;1,36E+16;152;296;2,95E+16;263;132;163
Congo (Kinshasa);663;663;4,02E+15;542;5,02E+16;4,22E+16;161;281;5,02E+16;321;361;2,21E+16;542;2,21E+16;4,22E+16;161;181;341;301;2,61E+16;161;482;12;321;161;2,21E+16;161;1;301;2,01E+16;161;141
Denmark;2,89E+16;449;1253;2,7E+16;824;673;85;383;333;1,93E+16;176;3,99E+16;649;296;184;64;134;197;358;285;2;195;31;213;1,12E+16;9,3E+15;1,33E+16;368;337;1,88E+16;174;1,85E+16
Djibouti;311;687;5,4E+16;229;622;5,89E+16;1,8E+16;344;229;327;393;147;458;327;278;1,8E+16;115;229;344;196;213;229;507;147;1,8E+16;213;1,8E+16;426;2,95E+16;278;2,95E+16;311
Dominica;323;679;1101;182;588;348;108;447;356;1,57E+16;232;695;6,71E+15;298;166;124;1,57E+16;149;207;2,24E+16;3,06E+16;339;207;24;108;83;141;373;2,24E+16;2,57E+16;265;248
Dominican Republic;291;572;1,053E+16;282;839;63;9,3E+15;365;437;172;199;4,1E+16;565;288;2,01E+16;83;118;207;255;334;19;269;242;24;9E+15;1,07E+16;118;356;397;225;15;2,24E+16
Ecuador;2,67E+16;507;106;2,34E+16;828;637;132;277;3,89E+16;159;174;4,97E+16;4,57E+16;2,72E+16;21;1,22E+16;165;274;345;3,03E+16;2,67E+16;223;311;297;127;113;1,19E+16;327;315;233;168;19
Egypt;3,24E+16;377;989;333;785;391;2;3,43E+16;3,43E+16;178;195;466;506;364;258;17;215;305;274;218;279;1,88E+16;253;3,12E+16;196;209;1,4E+16;231;424;218;154;159
El Salvador;298;6,48E+15;1124;2,47E+16;786;5,43E+16;111;2,6E+16;3,86E+16;1,64E+16;1,8E+16;533;432;248;222;7,8E+16;1,57E+16;216;321;308;262;227;315;269;134;1,19E+16;111;338;292;291;155;226
Estonia;241;274;1449;216;825;5;1,19E+16;388;265;16;1,98E+16;604;682;32;1,86E+16;98;195;16;331;182;2,66E+16;178;317;285;159;121;144;313;332;1,93E+16;138;1,57E+16
Ethiopia;425;7,2E+15;8,2E+15;3,28E+16;5,77E+16;4,23E+16;187;334;405;143;2,21E+16;425;3,99E+16;4,23E+16;232;12;172;359;252;308;2,21E+16;288;252;298;163;1,42E+16;132;332;279;2,05E+16;2,14E+16;2
Faroe Islands;2,6E+16;335;1,526E+16;229;7,44E+15;425;1,12E+16;441;239;154;159;5,32E+16;6,86E+15;548;9E+15;53;138;245;245;319;165;1,86E+16;3,24E+16;1,12E+16;1,17E+16;37;1,17E+16;447;3,14E+16;149;351;202
Fiji;264;833;1026;3,72E+16;873;591;132;393;496;111;134;229;53;377;1,64E+16;111;98;298;177;353;127;274;1,42E+16;232;1,19E+16;8,2E+15;1;322;398;1,53E+16;2,51E+16;24
Finland;2,66E+16;334;1485;2,2E+16;7,52E+15;506;72;3,96E+16;225;1,86E+16;239;536;647;3,7E+16;158;69;177;199;316;235;252;199;374;209;159;77;176;323;263;239;171;17
France;2,83E+16;371;1159;304;791;5,02E+16;167;358;274;197;206;4,68E+16;504;325;1,85E+16;1,53E+16;197;259;305;248;226;229;3;2,72E+16;1,86E+16;1,36E+16;184;3,06E+16;337;192;2,11E+16;166
Georgia;5,02E+16;313;86;222;5,6E+16;347;213;2,44E+16;287;232;305;632;47;172;4,02E+15;144;226;17;45;1,4E+16;425;179;434;398;144;2,47E+16;127;2,34E+16;2,9E+16;353;103;174
Germany;2,99E+16;34;1436;2,28E+16;759;507;101;32;278;171;203;5,85E+16;676;2,66E+16;21;7E+15;159;166;332;2,05E+16;298;175;349;263;126;125;1,35E+16;33;334;235;141;175
Ghana;6,12E+16;1097;576;43;4,28E+16;278;217;536;3,6E+16;182;3;2,38E+16;4,22E+16;395;2;1,36E+16;2,43E+16;3,03E+16;1,8E+16;2,89E+16;194;554;161;181;141;1,22E+16;128;192;2,6E+16;1,88E+16;222;2,38E+16
Greece;31;323;1,171E+16;258;8,41E+15;433;161;322;319;148;183;599;636;229;279;97;182;169;335;1,45E+16;374;147;275;408;125;2,6E+16;105;233;453;223;102;154
Grenada;391;666;803;275;645;4,94E+16;151;384;4,19E+15;165;2,2E+16;501;57;281;192;69;158;192;281;199;2,61E+16;3,57E+16;2,2E+16;206;103;165;137;275;384;281;275;281
Guatemala;337;564;99;2,51E+16;771;692;139;3,12E+16;415;167;184;473;48;222;241;87;151;2,11E+16;355;302;2,37E+16;229;2,89E+16;3,09E+16;102;148;105;349;338;202;1,42E+16;208
Guinea;2,67E+16;658;817;4,48E+16;7,43E+15;4,48E+16;125;545;454;216;199;233;5,73E+16;437;148;85;96;409;1,14E+16;346;125;346;182;187;1,14E+16;4,5E+16;79;38;392;233;2,67E+16;2,89E+16
Guyana;271;5,77E+16;1,086E+16;248;6,19E+16;381;88;385;404;212;3;47;499;398;17;104;222;248;231;241;215;4,11E+16;287;218;199;91;1,14E+16;346;287;2,28E+16;173;277
Haiti;388;677;742;371;753;6;118;43;353;2,24E+16;288;206;483;33;265;9,4E+15;141;253;3,06E+16;359;141;371;1,35E+16;271;8,2E+15;1,88E+16;9,4E+15;412;371;129;159;265
Honduras;337;605;1048;226;708;599;103;2,9E+16;464;212;19;449;4,42E+16;252;258;97;1,14E+16;2,28E+16;356;301;263;229;287;282;9,3E+15;134;1,17E+16;369;333;202;165;2,51E+16
Hungary;318;325;1291;216;776;4,39E+16;128;318;281;167;2,2E+16;641;664;23;242;8,2E+15;184;149;354;167;3,7E+16;171;337;323;121;1,8E+16;1,12E+16;278;362;277;102;174
Iceland;187;3,99E+16;1519;256;942;756;58;356;344;134;151;415;5,97E+16;323;166;58;108;191;313;246;189;226;282;242;106;9E+15;96;391;362;1,45E+16;163;19
India;3,14E+16;5,63E+16;1067;39;906;449;17;336;338;158;1,33E+16;425;473;379;176;155;148;38;236;3;2;202;222;308;146;154;97;277;4,23E+16;148;1,64E+16;1,62E+16
Indonesia;2,9E+16;513;1012;4,98E+16;836;391;217;447;271;163;1,45E+16;33;5,95E+16;412;149;174;178;5,02E+16;1,85E+16;335;233;2,05E+16;169;25;1,4E+16;154;86;2,37E+16;406;151;163;163
Iraq;401;378;8,8E+15;264;6,28E+15;313;1,93E+16;281;311;2;218;668;545;3;271;158;209;2,43E+16;2,89E+16;168;408;173;385;326;19;252;134;208;4,11E+16;304;12;171
Ireland;217;435;1449;361;1035;528;95;487;302;1,22E+16;139;407;653;3,86E+16;143;64;1,35E+16;2,7E+16;242;242;199;204;203;2,38E+16;102;108;86;2,67E+16;444;147;141;15
Israel;282;4,27E+16;1183;2,93E+16;819;557;103;4;364;144;213;443;575;33;208;74;163;235;2,99E+16;236;242;232;2,99E+16;2,37E+16;127;126;123;3,24E+16;353;213;171;203
Italy;239;281;1487;194;827;4,59E+16;95;3,06E+16;302;111;181;705;796;233;223;62;178;141;2,99E+16;1,4E+16;438;1,45E+16;302;304;121;171;97;255;395;256;87;171
Jamaica;381;6,18E+16;993;2,44E+16;519;335;125;414;361;197;297;431;565;341;227;102;1,98E+16;1,93E+16;2,38E+16;256;2,47E+16;408;294;227;175;1,35E+16;148;3,07E+16;326;242;195;2,61E+16
Japan;23;3,76E+16;1291;2,99E+16;848;53;109;43;265;158;1,93E+16;452;4,97E+16;453;1,56E+16;104;1,64E+16;308;264;294;191;252;2,67E+16;255;154;101;1,33E+16;353;294;179;2,21E+16;182
Jordan;412;4,11E+16;8,53E+15;318;8,04E+15;4,56E+16;2;276;336;232;174;482;499;256;349;137;155;262;392;231;2,72E+16;144;294;371;1,3E+16;242;1,14E+16;239;435;23;134;1,57E+16
Kazakhstan;5,23E+16;4,19E+15;753;331;645;331;288;3,28E+16;347;256;291;4,97E+16;452;252;292;1,33E+16;3;206;331;217;2,83E+16;2,21E+16;256;375;175;229;1,42E+16;2,05E+16;359;259;111;191
Kenya;348;711;832;344;665;437;158;4,23E+16;452;1,57E+16;175;3,6E+16;5,77E+16;316;2,38E+16;1,22E+16;1,57E+16;2,83E+16;2,67E+16;268;216;337;232;281;118;155;88;286;365;2,11E+16;1,56E+16;263
Kuwait;339;424;1151;298;801;473;151;3,28E+16;3,57E+16;184;183;415;582;34;2,49E+16;1,19E+16;1,64E+16;2,83E+16;304;2,38E+16;254;2,01E+16;256;282;137;17;1,22E+16;252;416;2;1,4E+16;189
Kyrgyzstan;371;608;801;3,12E+16;593;453;178;2,89E+16;46;23;2,37E+16;601;371;208;341;178;2,67E+16;245;2,89E+16;208;3,12E+16;208;319;2,6E+16;178;208;126;2,37E+16;349;282;178;104
Laos;254;5,4E+16;96;484;873;6,51E+15;159;3,89E+16;3,57E+16;143;23;349;437;262;103;111;1,98E+16;3,89E+16;206;405;143;2,7E+16;294;159;127;159;5,6E+15;405;373;1,19E+16;19;206
Latvia;304;208;1,345E+16;177;751;39;151;325;195;203;226;787;567;339;1,85E+16;12;212;178;373;16;346;1,56E+16;337;406;23;167;168;256;2,67E+16;222;121;1,3E+16
Lebanon;475;4,4E+16;8,2E+15;346;868;4,88E+16;206;2,49E+16;4;254;134;391;519;1,85E+16;3,67E+16;15;129;2,61E+16;461;24;2,44E+16;1,3E+16;2,44E+16;4,11E+16;9E+15;274;84;195;509;207;8,1E+15;146
Lesotho;4,22E+16;691;858;407;385;291;233;655;349;1,45E+16;349;298;378;415;196;218;291;2,47E+16;2,47E+16;1,53E+16;233;495;1,45E+16;269;24;124;175;16;24;218;2,11E+16;262
Libya;2,99E+16;434;9,05E+15;2,7E+16;622;393;168;3,6E+16;369;1,56E+16;225;541;643;2,99E+16;2,7E+16;102;197;213;258;209;381;254;287;34;176;16;168;3,03E+16;319;3,24E+16;152;2,05E+16
Lithuania;2,8E+16;2,11E+16;1483;1,45E+16;698;375;113;294;212;168;23;839;547;335;2,11E+16;1,12E+16;213;151;362;129;3,72E+16;113;435;354;231;148;173;271;265;268;137;126
Luxembourg;38;479;1134;278;8,44E+15;492;92;398;385;2,05E+16;21;463;5,98E+16;258;1,98E+16;7,1E+16;1,42E+16;183;327;239;258;209;279;248;134;1,36E+16;151;311;369;218;144;167
Madagascar;276;3,86E+16;1,132E+16;276;8;5,15E+16;138;377;285;129;1,1E+16;5,89E+16;34;331;23;12;239;2,21E+16;368;2,21E+16;294;239;451;239;12;12;74;414;35;2,67E+16;147;202
Malawi;315;795;9,88E+15;405;753;47;132;362;409;169;226;315;475;348;2,49E+16;1,22E+16;1,93E+16;31;273;268;212;381;179;207;1,22E+16;155;9,4E+15;2,49E+16;3,06E+16;132;169;216
Malaysia;208;5,95E+16;1,271E+16;507;8,04E+15;377;143;643;222;124;128;259;5,6E+16;674;79;123;158;5,17E+16;1,22E+16;373;131;3,09E+16;12;16;1,45E+16;73;86;2,8E+16;322;83;2,49E+16;1,53E+16
Maldives;2,37E+16;3,57E+16;1,683E+16;242;8,22E+15;397;9E+15;342;339;102;15;4,85E+16;718;449;126;77;1,07E+16;2,34E+16;222;2,38E+16;227;218;2,37E+16;2,37E+16;1,3E+16;72;1,12E+16;398;347;184;194;229
Mali;659;8,53E+15;659;271;659;31;3,9E+16;62;581;116;233;504;388;271;155;116;155;349;194;31;194;349;31;233;194;116;7,8E+16;349;194;233;233;116
Malta;2,34E+16;4;1365;352;883;444;113;452;3,12E+16;127;1,14E+16;506;719;326;189;7,8E+16;1,42E+16;236;2,89E+16;191;24;196;263;274;95;1,56E+16;98;256;4,68E+16;189;1,3E+16;161
Mauritius;342;716;11;301;8,54E+15;464;168;337;395;1,36E+16;17;421;537;264;2,51E+16;12;146;245;256;235;226;2,21E+16;2,21E+16;286;1,3E+16;1,57E+16;9,3E+15;279;4,23E+16;1,8E+16;126;2,01E+16
Mexico;32;507;107;232;781;641;1,14E+16;233;432;174;192;5,39E+16;47;2,2E+16;2,44E+16;96;154;199;366;277;285;1,8E+16;34;315;1,17E+16;154;1,14E+16;331;321;246;1,36E+16;199
Monaco;451;6,27E+15;902;4,76E+16;1003;426;2,01E+16;2,01E+16;4,76E+16;276;75;3,76E+16;3,76E+16;2,51E+16;301;75;301;175;351;226;1;301;175;426;5;125;1;276;6,27E+15;15;5;75
Mongolia;3,86E+16;414;842;35;629;337;285;321;341;1,62E+16;209;49;47;345;2,61E+16;1,8E+16;274;331;239;189;3,43E+16;203;236;319;217;217;1,3E+16;225;482;2,44E+16;1,45E+16;183
Montenegro;493;313;102;1,93E+16;625;529;1,42E+16;239;381;1,86E+16;15;643;4,68E+16;1,53E+16;463;9,4E+15;1,35E+16;132;529;158;275;1,3E+16;364;47;92;2,72E+16;97;252;384;3;1,22E+16;1,98E+16
Morocco;258;256;1208;163;6,86E+15;4,91E+16;1,1E+16;2,01E+16;308;174;172;768;5,05E+16;229;332;116;154;1,64E+16;46;1,62E+16;371;113;529;385;159;196;128;308;2,89E+16;321;1,07E+16;177
Mozambique;365;536;913;268;975;61;148;365;4,28E+16;16;2,05E+16;365;4,68E+16;331;222;12;148;24;285;285;2,05E+16;297;2,34E+16;268;91;1,14E+16;8;2,51E+16;4,28E+16;171;16;262
Myanmar;322;548;1148;4,27E+16;7,52E+15;3,43E+16;192;4,91E+16;191;143;213;412;4,4E+16;5,02E+16;1,12E+16;183;2,43E+16;387;1,86E+16;35;19;3,03E+16;191;213;213;1,12E+16;147;2,66E+16;2,61E+16;125;2,51E+16;1,4E+16
Namibia;297;526;992;278;8,29E+15;4,97E+16;137;449;408;1,56E+16;1,64E+16;375;5,32E+16;356;24;132;166;24;25;2,66E+16;206;338;23;2,38E+16;118;141;106;378;354;141;215;2,44E+16
Nepal;196;35;1562;323;96;405;141;3,14E+16;265;126;98;571;552;446;1,33E+16;148;1,17E+16;373;1,93E+16;217;231;165;239;3,14E+16;147;166;85;325;4,02E+15;146;139;1,53E+16
Netherlands;302;4,94E+16;1246;297;888;7,14E+15;86;368;341;2,01E+16;167;347;5,98E+16;265;1,88E+16;62;1,14E+16;216;352;335;1,85E+16;2,14E+16;2,84E+16;2,14E+16;87;95;1,22E+16;3,57E+16;346;175;1,62E+16;176
New Zealand;2,38E+16;6,19E+16;1202;4,1E+16;9,18E+15;584;9,4E+15;555;3,6E+16;128;161;288;5,98E+16;397;1,22E+16;7E+15;1,33E+16;2,9E+16;197;313;146;325;172;176;102;8,1E+15;96;3;42;1,22E+16;2;183
Nicaragua;48;1,584E+16;662;248;7;587;9E+15;236;5,77E+16;195;189;318;32;19;23;97;116;259;252;4,23E+16;179;3,03E+16;218;218;111;108;116;231;282;1,3E+16;144;207
Niger;652;1,312E+16;6;4,11E+16;447;2,72E+16;1,98E+16;432;4,68E+16;16;259;235;437;316;2,66E+16;129;1,8E+16;277;184;255;202;473;168;1,85E+16;124;1,36E+16;92;212;2,7E+16;2,05E+16;1,85E+16;2,6E+16
Nigeria;652;1,312E+16;6;4,11E+16;447;2,72E+16;1,98E+16;432;4,68E+16;16;259;235;437;316;2,66E+16;129;1,8E+16;277;184;255;202;473;168;1,85E+16;124;1,36E+16;92;212;2,7E+16;2,05E+16;1,85E+16;2,6E+16
Macedonia;463;3,57E+16;9,61E+15;2,38E+16;602;45;182;241;405;212;2,11E+16;5,51E+16;639;194;4,11E+16;1,07E+16;169;1,36E+16;4,85E+16;155;355;146;3,24E+16;4,02E+15;1,19E+16;2,21E+16;9E+15;2,44E+16;409;258;9,9E+15;1,64E+16
Norway;2,93E+16;4,65E+15;1225;2,9E+16;808;594;8;4,11E+16;305;1,88E+16;196;403;653;313;187;64;1,33E+16;218;355;287;204;218;313;219;1,14E+16;96;141;331;347;2,05E+16;17;172
Oman;4,22E+16;702;99;431;788;435;181;388;346;155;168;354;479;382;203;1,33E+16;154;332;232;279;1,86E+16;2,38E+16;2,44E+16;255;128;175;1,1E+16;248;374;151;17;168
Pakistan;2,83E+16;62;109;481;92;371;217;378;342;144;115;3,43E+16;547;416;139;182;165;437;177;278;1,85E+16;2;1,42E+16;279;159;165;83;23;499;111;152;148
Panama;288;509;1137;1,93E+16;8,13E+15;697;101;2,83E+16;4,19E+15;184;215;451;4,98E+16;275;195;89;165;203;341;2,8E+16;208;231;329;218;1,22E+16;1,19E+16;132;404;3,24E+16;226;1,62E+16;1,88E+16
Papua New Guinea;2,67E+16;658;817;4,48E+16;7,43E+15;4,48E+16;125;545;454;216;199;233;5,73E+16;437;148;85;96;409;1,14E+16;346;125;346;182;187;1,14E+16;4,5E+16;79;38;392;233;2,67E+16;2,89E+16
Paraguay;2,44E+16;2,61E+16;1362;141;8,07E+15;475;101;236;292;118;1,53E+16;689;508;2,34E+16;2,66E+16;85;219;194;327;2,01E+16;362;166;3,57E+16;3,57E+16;166;1,53E+16;131;349;297;365;176;209
Peru;292;521;1234;213;832;652;1;2,43E+16;416;155;167;605;4,59E+16;227;222;79;139;1,85E+16;321;248;2,6E+16;212;323;31;125;121;127;325;31;242;144;189
Philippines;218;653;1,314E+16;432;751;353;1,35E+16;447;248;1,14E+16;149;404;5,78E+16;509;1;124;158;433;1,42E+16;318;206;2,9E+16;1,93E+16;2;154;95;9,9E+15;313;317;147;215;194
Poland;2,93E+16;2,2E+16;1,312E+16;182;699;352;132;319;2;183;2,57E+16;817;632;2,51E+16;231;9,4E+15;233;146;424;128;453;1,19E+16;424;3,6E+16;173;165;1,57E+16;2,38E+16;278;311;9,3E+15;124
Portugal;1,62E+16;2,95E+16;1,683E+16;202;857;51;6,8E+16;365;2,89E+16;12;147;576;794;349;134;64;1,36E+16;173;268;176;277;1,85E+16;2,95E+16;2,47E+16;128;106;1,1E+16;377;3,6E+16;194;143;21
Qatar;348;5,86E+16;1108;366;851;479;154;383;348;159;169;351;506;405;2,14E+16;127;1,53E+16;322;264;281;168;25;207;248;121;127;1,12E+16;276;397;166;1,85E+16;17
South Korea;277;436;1061;3,99E+16;805;455;179;5,02E+16;274;1,62E+16;207;3,96E+16;46;4,65E+15;147;132;2,21E+16;3,57E+16;2,47E+16;279;209;264;232;2,57E+16;179;126;132;278;335;166;196;165
Moldova;4,11E+16;326;928;209;672;391;187;2,8E+16;366;217;2,66E+16;652;552;195;3,6E+16;139;209;159;362;137;368;1,45E+16;2,84E+16;421;169;282;163;2,01E+16;383;3,14E+16;9,9E+15;155
Romania;409;336;1115;2;788;4,57E+16;167;254;32;197;202;647;557;212;31;116;199;16;437;1,56E+16;366;134;3;4,42E+16;1,4E+16;219;1,12E+16;215;348;246;9,3E+15;148
Russia;392;2,61E+16;1127;196;621;305;178;308;208;216;2,99E+16;839;46;2,72E+16;2,6E+16;1,36E+16;277;175;359;146;3,96E+16;1,62E+16;4,13E+16;3,86E+16;226;187;196;218;268;2,7E+16;1,22E+16;1,22E+16
Rwanda;46;1005;601;6,12E+16;559;443;336;412;429;1,33E+16;158;277;46;262;277;127;195;322;2,34E+16;361;183;333;124;226;104;1,98E+16;62;265;3,24E+16;138;175;206
Saint Kitts and Nevis;259;506;1192;349;652;484;79;495;416;1,35E+16;304;191;63;326;1,8E+16;67;1,57E+16;225;1,12E+16;225;304;4,39E+16;236;1,57E+16;1,12E+16;169;1,57E+16;349;304;236;191;3,6E+16
Saint Lucia;269;616;1045;225;525;377;113;416;3,6E+16;126;269;4,77E+15;6,07E+16;321;182;126;165;23;191;3,12E+16;212;499;325;217;113;113;108;408;286;239;2,47E+16;282
Saint Vincent and the Grenadines;2,47E+16;435;1,345E+16;2,47E+16;593;406;109;3,86E+16;326;1,19E+16;2,37E+16;4,45E+16;673;3,07E+16;129;59;1,19E+16;178;3,86E+16;3,07E+16;208;277;326;208;158;138;178;326;3,96E+16;218;208;3,07E+16
Saudi Arabia;375;4,69E+16;1015;339;7,2E+15;4,13E+16;19;341;322;1,85E+16;19;444;533;361;2,67E+16;137;182;288;298;231;277;202;2,72E+16;2,7E+16;1,53E+16;1,88E+16;1,3E+16;235;397;2,34E+16;161;179
Senegal;412;7,34E+15;79;252;7,69E+15;762;147;4,19E+15;349;168;231;5,03E+16;496;231;175;7E+15;91;2,66E+16;259;2,8E+16;126;3,14E+16;273;335;77;5,6E+15;91;3,28E+16;398;168;189;245
Serbia;434;3,43E+16;1036;168;675;501;146;21;35;2,21E+16;209;633;489;178;3,72E+16;102;144;126;562;1,57E+16;3,43E+16;1,33E+16;42;415;1,07E+16;212;123;2,6E+16;32;344;9,3E+15;171
Seychelles;407;5,43E+16;1131;2,49E+16;973;5,43E+16;192;339;407;147;181;385;4,98E+16;351;2,83E+16;79;158;226;271;271;2,6E+16;2,6E+16;204;362;158;6,8E+16;124;226;305;17;9E+15;1,36E+16
Singapore;1,88E+16;537;1255;407;84;42;9,3E+15;756;195;123;166;2,47E+16;506;7,43E+15;73;9,3E+15;155;481;134;387;111;3,99E+16;147;1,45E+16;137;53;106;301;2,57E+16;98;298;148
Slovakia;292;351;1,299E+16;212;698;4,27E+16;118;3,12E+16;262;1,86E+16;2,21E+16;632;694;263;213;89;169;166;351;202;388;182;3,6E+16;285;125;131;126;333;305;296;138;173
Slovenia;3,14E+16;365;1323;2,57E+16;789;5,15E+16;121;3,24E+16;2,83E+16;19;178;541;689;258;218;74;166;191;366;219;3,09E+16;1,64E+16;296;294;1,19E+16;1,45E+16;1,17E+16;291;354;2,21E+16;1,36E+16;173
Somalia;425;843;562;5,03E+16;444;353;3,07E+16;359;301;163;216;294;425;431;235;137;392;405;144;288;19;444;2,61E+16;222;229;15;216;229;222;216;222;17
South Africa;379;683;931;336;779;5,15E+16;131;4,85E+16;464;143;212;321;5,61E+16;2,89E+16;2,28E+16;89;169;225;275;239;195;346;209;2,43E+16;9,9E+15;1,35E+16;86;281;407;177;148;2,21E+16
Spain;2,14E+16;416;1322;258;958;689;87;3,14E+16;405;1,33E+16;15;461;621;252;187;6,5E+15;1,19E+16;197;334;231;227;189;305;269;88;115;98;351;4,1E+16;194;138;204
Sri Lanka;335;582;1072;45;969;4,65E+15;197;33;352;147;124;346;545;322;1,8E+16;1,3E+16;1,3E+16;333;222;275;204;1,88E+16;206;2,61E+16;1,1E+16;167;89;2,66E+16;536;144;1,53E+16;17
Sudan;391;39;8,69E+15;301;717;3,89E+16;189;2,99E+16;341;178;229;507;521;344;325;154;17;302;2,8E+16;2,2E+16;297;183;3,03E+16;321;182;202;138;2,34E+16;378;318;1,42E+16;1,86E+16
Suriname;302;6,18E+16;1288;263;647;5,51E+16;115;354;426;163;216;4,65E+15;5,8E+16;378;182;72;115;192;259;23;148;273;192;168;105;125;105;508;33;158;196;278
Sweden;319;4,65E+15;1,146E+16;292;81;5,73E+16;1;371;302;2,05E+16;218;4,1E+16;564;319;2;79;15;225;345;2,95E+16;2,24E+16;222;3,09E+16;239;124;105;154;313;342;223;182;175
Switzerland;384;501;1112;2,99E+16;837;649;1,17E+16;347;3,72E+16;189;197;374;547;2,44E+16;246;72;1,35E+16;207;3,6E+16;273;215;2,21E+16;281;256;88;124;1,1E+16;33;383;199;144;1,85E+16
Syria;392;2,57E+16;8,41E+15;2,89E+16;661;344;217;2,43E+16;2,8E+16;169;177;576;479;195;352;1,85E+16;1,88E+16;24;4,28E+16;1,42E+16;482;129;404;481;161;339;148;2,01E+16;429;341;84;148
Tajikistan;512;8,87E+15;99;4,1E+16;819;5,8E+16;239;512;239;102;171;239;273;478;2,05E+16;171;2,05E+16;3,07E+16;478;239;2,05E+16;2,05E+16;171;102;2,05E+16;171;137;171;171;137;2,05E+16;6,8E+16
Thailand;3,12E+16;673;9,54E+15;435;729;484;168;4,86E+16;33;149;216;2,83E+16;489;4,13E+16;1,45E+16;118;196;362;183;3,6E+16;1,8E+16;355;172;187;138;1,1E+16;111;3,09E+16;358;155;232;207
Trinidad and Tobago;301;603;1144;235;638;431;108;407;416;128;2,44E+16;409;649;3,24E+16;196;9E+15;169;194;2,21E+16;2,44E+16;25;3,89E+16;236;233;129;115;111;349;318;2,34E+16;212;271
Tunisia;232;255;1,262E+16;177;731;5,22E+16;105;181;3,76E+16;151;1,12E+16;783;512;2,38E+16;2,83E+16;95;115;155;51;1,57E+16;348;106;4,68E+16;449;12;1,62E+16;1,07E+16;361;333;3,03E+16;102;1,86E+16
Turkey;388;345;1,046E+16;2,83E+16;787;4,1E+16;2,01E+16;255;2,7E+16;218;174;647;4,88E+16;2,51E+16;2,93E+16;148;1,8E+16;236;4,28E+16;1,88E+16;327;1,3E+16;338;429;137;226;116;207;392;231;109;1,22E+16
Uganda;455;9,63E+15;647;4,39E+16;5,95E+16;4,68E+16;196;463;416;173;241;2,28E+16;4,28E+16;329;204;125;179;3,03E+16;2,21E+16;344;171;3,96E+16;184;218;121;139;9,3E+15;298;31;189;217;2,47E+16
Ukraine;593;475;808;2,43E+16;636;341;2,11E+16;304;31;219;311;608;42;219;349;134;242;165;39;161;334;216;356;3,43E+16;171;209;2,11E+16;189;282;2,93E+16;1,14E+16;141
United Arab Emirates;405;684;973;415;868;487;178;3,76E+16;391;172;1,53E+16;3,06E+16;4,98E+16;355;2,24E+16;12;15;325;269;281;175;241;177;2,61E+16;116;155;95;241;4,42E+16;144;1,53E+16;173
United Kingdom;2,6E+16;492;1,357E+16;388;943;4,94E+16;1;529;3,07E+16;148;16;39;653;38;152;76;143;263;253;241;19;233;2,01E+16;232;111;106;101;2,44E+16;432;1,33E+16;143;1,45E+16
Tanzania;441;666;81;3,99E+16;753;429;225;38;412;1,53E+16;218;281;48;323;297;148;197;3,07E+16;256;262;166;239;2,21E+16;265;137;17;118;2,89E+16;403;191;1,64E+16;2,01E+16
United States;2,7E+16;504;1208;327;8,31E+15;516;1,1E+16;471;339;149;199;3,6E+16;567;3,43E+16;155;83;1,57E+16;232;242;2,47E+16;175;287;213;227;1,12E+16;102;113;2,99E+16;371;151;172;1,88E+16
Uruguay;203;282;1537;204;824;533;98;2,93E+16;298;125;197;64;681;275;168;72;165;172;287;165;337;183;353;242;1,35E+16;116;127;358;361;23;1,17E+16;2,2E+16
Uzbekistan;7,72E+15;49;6,09E+16;363;663;354;282;463;3,09E+16;209;3;391;336;163;4,45E+16;154;3;209;363;2;245;254;236;4,27E+16;163;236;127;109;345;2;127;154
Vanuatu;5,44E+16;5,02E+16;1,004E+16;335;711;5,86E+16;126;209;2,93E+16;126;2,51E+16;167;46;5,44E+16;84;84;126;5,44E+16;377;5,02E+16;126;418;126;126;126;42;84;209;5,02E+16;209;209;377
Vietnam;325;617;1,187E+16;407;806;387;1,56E+16;4,91E+16;315;152;163;371;462;536;167;139;179;38;1,98E+16;276;177;241;179;23;173;115;106;2,6E+16;351;12;182;1,53E+16
Yemen;479;45;862;192;805;383;115;287;268;172;239;603;489;316;268;1,53E+16;2,2E+16;326;374;239;354;192;326;316;2,01E+16;23;1,53E+16;239;421;192;67;67
Zambia;4,76E+16;8,96E+15;711;3,57E+16;5,78E+16;405;154;414;436;1,57E+16;2,43E+16;332;5,44E+16;336;2,9E+16;1,07E+16;163;296;2,28E+16;263;192;405;2,01E+16;217;9,9E+15;1,45E+16;104;2,66E+16;2,9E+16;2,34E+16;206;256
Zimbabwe;408;783;864;351;674;46;176;4,23E+16;464;152;197;341;547;294;3,12E+16;12;175;2,51E+16;262;254;2,01E+16;318;175;264;1,07E+16;174;97;2,47E+16;373;182;1,42E+16;2,14E+16
